{"cameraMode":{"drawMode":0,"name":"Shaded","section":"Shading Mode"},"sceneLighting":false,"audioPlay":false,"sceneViewState":{"m_AlwaysRefresh":false,"showFog":true,"showSkybox":false,"showFlares":true,"showImageEffects":true,"showParticleSystems":true,"showVisualEffectGraphs":true,"m_FxEnabled":true},"in2DMode":false,"pivot":{"x":24.173738479614259,"y":1.974750280380249,"z":29.03181266784668},"rotation":{"x":0.07849588990211487,"y":-0.07966894656419754,"z":0.0078059229999780659,"w":0.9943035244941711},"size":33.7784309387207,"orthographic":false}